task_dir,task_name,n_records,predicted_main_class,predicted_main_class_ru,mean_pred_confidence,predicted_class_distribution,true_main_class,true_main_class_ru,task_short_interpretation
task_106,MK546248,1,slow,замедленное заживление,0.8984133863166686,"{""slow"": 1}",slow,замедленное заживление,периметр раны на первом снимке (снижен); текстурная энергия раны на первом снимке (повышен); текстурная энергия шовной зоны на первом снимке (повышен)
task_109,MK232125,1,fast,быстрое заживление,0.721690259643156,"{""fast"": 1}",fast,быстрое заживление,средняя светлота раны (L*) на первом снимке (повышен); периметр раны на первом снимке (снижен); средняя светлота шовной зоны (L*) на первом снимке (повышен)
task_112,MK534293,1,fast,быстрое заживление,0.6491855586210622,"{""fast"": 1}",fast,быстрое заживление,периметр раны на первом снимке (повышен); средняя светлота раны (L*) на первом снимке (снижен); средняя светлота шовной зоны (L*) на первом снимке (снижен)
task_113,MK421655,1,fast,быстрое заживление,0.65141811755824,"{""fast"": 1}",fast,быстрое заживление,текстурная однородность раны на первом снимке (снижен); периметр раны на первом снимке (повышен); текстурная энергия раны на первом снимке (снижен)
task_114,MK541383,1,fast,быстрое заживление,0.8221216753581602,"{""fast"": 1}",fast,быстрое заживление,периметр раны на первом снимке (повышен); средняя светлота раны (L*) на первом снимке (повышен); средняя светлота шовной зоны (L*) на первом снимке (повышен)
task_115,MK557412,1,medium,умеренное заживление,0.7948683893142946,"{""medium"": 1}",medium,умеренное заживление,периметр раны на первом снимке (повышен); текстурная энергия раны на первом снимке (снижен); текстурная энтропия раны на первом снимке (повышен)
task_116,MK533082,1,slow,замедленное заживление,0.9006131153491481,"{""slow"": 1}",slow,замедленное заживление,периметр раны на первом снимке (снижен); текстурная энергия раны на первом снимке (повышен); средняя светлота раны (L*) на первом снимке (снижен)
task_118,MK550008,1,fast,быстрое заживление,0.8938719960790776,"{""fast"": 1}",fast,быстрое заживление,периметр раны на первом снимке (повышен); средняя светлота раны (L*) на первом снимке (повышен); средняя светлота шовной зоны (L*) на первом снимке (повышен)
task_121,MK556464,1,fast,быстрое заживление,0.6412866246842143,"{""fast"": 1}",fast,быстрое заживление,периметр раны на первом снимке (повышен); текстурная однородность раны на первом снимке (снижен); средняя светлота раны (L*) на первом снимке (повышен)
task_122,MK551591,1,medium,умеренное заживление,0.5032682587866861,"{""medium"": 1}",medium,умеренное заживление,текстурная однородность раны на первом снимке (снижен); текстурная энергия раны на первом снимке (снижен); средняя светлота раны (L*) на первом снимке (повышен)
task_123,MK553148,1,medium,умеренное заживление,0.5010083253726456,"{""medium"": 1}",medium,умеренное заживление,текстурная однородность раны на первом снимке (снижен); текстурная энергия раны на первом снимке (снижен); текстурная энтропия раны на первом снимке (повышен)
task_124,MK350063,1,medium,умеренное заживление,0.6731848964183362,"{""medium"": 1}",medium,умеренное заживление,текстурная энергия раны на первом снимке (повышен); текстурная однородность раны на первом снимке (около медианы); средняя светлота шовной зоны (L*) на первом снимке (снижен)
task_125,MK557848,1,slow,замедленное заживление,0.8675670146904442,"{""slow"": 1}",slow,замедленное заживление,текстурная энергия раны на первом снимке (повышен); текстурная однородность раны на первом снимке (повышен); текстурная энтропия раны на первом снимке (снижен)
task_126,MK419568,1,slow,замедленное заживление,0.9307620592363266,"{""slow"": 1}",slow,замедленное заживление,текстурная энергия раны на первом снимке (повышен); текстурная однородность раны на первом снимке (повышен); текстурная энтропия раны на первом снимке (снижен)
task_127,MK531700,1,medium,умеренное заживление,0.4274318909674919,"{""medium"": 1}",medium,умеренное заживление,периметр раны на первом снимке (снижен); средняя светлота раны (L*) на первом снимке (повышен); текстурная энергия раны на первом снимке (повышен)
task_129,MK306675,1,fast,быстрое заживление,0.5869849538077765,"{""fast"": 1}",fast,быстрое заживление,текстурная однородность раны на первом снимке (снижен); текстурная энергия раны на первом снимке (снижен); текстурная энтропия раны на первом снимке (повышен)
task_134,MK496909,1,medium,умеренное заживление,0.7498538569180494,"{""medium"": 1}",medium,умеренное заживление,средняя светлота раны (L*) на первом снимке (снижен); средняя светлота шовной зоны (L*) на первом снимке (снижен); текстурная однородность раны на первом снимке (снижен)
task_135,MK555285,1,slow,замедленное заживление,0.974587913425776,"{""slow"": 1}",slow,замедленное заживление,текстурная однородность раны на первом снимке (повышен); текстурная энергия раны на первом снимке (повышен); средняя светлота раны (L*) на первом снимке (снижен)
task_136,MK561632,1,fast,быстрое заживление,0.8215118489332742,"{""fast"": 1}",fast,быстрое заживление,периметр раны на первом снимке (повышен); текстурная энтропия раны на первом снимке (повышен); текстурная энергия раны на первом снимке (снижен)
task_137,MK186083,1,medium,умеренное заживление,0.733505081453749,"{""medium"": 1}",medium,умеренное заживление,текстурная однородность раны на первом снимке (повышен); средняя светлота раны (L*) на первом снимке (повышен); средняя светлота шовной зоны (L*) на первом снимке (повышен)
task_138,MK529669,1,slow,замедленное заживление,0.5023534174647,"{""slow"": 1}",slow,замедленное заживление,периметр раны на первом снимке (снижен); текстурная однородность раны на первом снимке (снижен); текстурная энергия раны на первом снимке (снижен)
task_140,MK525662,1,medium,умеренное заживление,0.5983649181237047,"{""medium"": 1}",medium,умеренное заживление,периметр раны на первом снимке (снижен); текстурная энергия раны на первом снимке (снижен); средняя светлота раны (L*) на первом снимке (снижен)
task_141,MK544368,1,fast,быстрое заживление,0.8979779582425015,"{""fast"": 1}",fast,быстрое заживление,средняя светлота раны (L*) на первом снимке (повышен); средняя светлота шовной зоны (L*) на первом снимке (повышен); периметр раны на первом снимке (около медианы)
task_142,MK536656,1,fast,быстрое заживление,0.6114568742249158,"{""fast"": 1}",fast,быстрое заживление,текстурная однородность раны на первом снимке (снижен); периметр раны на первом снимке (снижен); текстурная энергия раны на первом снимке (снижен)
task_143,MK542364,1,fast,быстрое заживление,0.5534354486258808,"{""fast"": 1}",fast,быстрое заживление,периметр раны на первом снимке (повышен); текстурная энергия раны на первом снимке (повышен); текстурная однородность раны на первом снимке (около медианы)
task_144,MK544245,1,medium,умеренное заживление,0.504976923557047,"{""medium"": 1}",medium,умеренное заживление,периметр раны на первом снимке (повышен); текстурная однородность раны на первом снимке (около медианы); текстурная энтропия раны на первом снимке (около медианы)
task_145,MK331817,1,medium,умеренное заживление,0.7252781713244153,"{""medium"": 1}",medium,умеренное заживление,средняя светлота раны (L*) на первом снимке (снижен); текстурная однородность раны на первом снимке (снижен); средняя светлота шовной зоны (L*) на первом снимке (снижен)
task_148,MK548585,1,slow,замедленное заживление,0.8805783357517218,"{""slow"": 1}",slow,замедленное заживление,периметр раны на первом снимке (повышен); текстурная энергия раны на первом снимке (повышен); текстурная однородность раны на первом снимке (около медианы)
task_161,MK-373566,1,slow,замедленное заживление,0.8187191718231694,"{""slow"": 1}",slow,замедленное заживление,периметр раны на первом снимке (снижен); текстурная энергия раны на первом снимке (повышен); средняя светлота раны (L*) на первом снимке (снижен)
task_162,MK-551233,1,fast,быстрое заживление,0.721017853138842,"{""fast"": 1}",fast,быстрое заживление,периметр раны на первом снимке (неопределён); средняя светлота раны (L*) на первом снимке (неопределён); средняя светлота шовной зоны (L*) на первом снимке (неопределён)
task_167,MK-555077,1,slow,замедленное заживление,0.9095745188941048,"{""slow"": 1}",slow,замедленное заживление,периметр раны на первом снимке (повышен); текстурная однородность раны на первом снимке (повышен); текстурная энергия раны на первом снимке (повышен)
task_168,MK-378604,1,slow,замедленное заживление,0.549930694153098,"{""slow"": 1}",slow,замедленное заживление,периметр раны на первом снимке (снижен); текстурная энергия раны на первом снимке (повышен); средняя светлота раны (L*) на первом снимке (повышен)
task_169,MK-564579,1,medium,умеренное заживление,0.7892000765181543,"{""medium"": 1}",medium,умеренное заживление,средняя светлота раны (L*) на первом снимке (снижен); текстурная однородность раны на первом снимке (снижен); средняя светлота шовной зоны (L*) на первом снимке (снижен)
task_171,MK-562784,1,fast,быстрое заживление,0.7051700317492098,"{""fast"": 1}",fast,быстрое заживление,периметр раны на первом снимке (повышен); текстурная однородность раны на первом снимке (повышен); средняя светлота раны (L*) на первом снимке (снижен)
task_179,MK-566212,1,medium,умеренное заживление,0.7190461728898151,"{""medium"": 1}",medium,умеренное заживление,периметр раны на первом снимке (повышен); текстурная однородность раны на первом снимке (около медианы); текстурная энергия раны на первом снимке (повышен)
task_180,MK-463672,1,fast,быстрое заживление,0.5574538712253134,"{""fast"": 1}",fast,быстрое заживление,периметр раны на первом снимке (снижен); текстурная энергия раны на первом снимке (снижен); текстурная энтропия раны на первом снимке (повышен)
task_181,MK-502598,1,medium,умеренное заживление,0.673500790227349,"{""medium"": 1}",medium,умеренное заживление,периметр раны на первом снимке (повышен); текстурная однородность раны на первом снимке (повышен); текстурная энергия раны на первом снимке (повышен)
task_182,MK-556201,1,fast,быстрое заживление,0.6741829533514349,"{""fast"": 1}",fast,быстрое заживление,периметр раны на первом снимке (снижен); средняя светлота раны (L*) на первом снимке (повышен); средняя светлота шовной зоны (L*) на первом снимке (повышен)
task_183,MK-555562,1,fast,быстрое заживление,0.7217667468133051,"{""fast"": 1}",fast,быстрое заживление,периметр раны на первом снимке (повышен); текстурная энергия раны на первом снимке (снижен); средняя светлота раны (L*) на первом снимке (снижен)
task_191,MK-560857,1,slow,замедленное заживление,0.9524423529734628,"{""slow"": 1}",slow,замедленное заживление,текстурная энергия раны на первом снимке (повышен); периметр раны на первом снимке (снижен); средняя светлота раны (L*) на первом снимке (снижен)
task_199,MK-450760,1,slow,замедленное заживление,0.5650093513179052,"{""slow"": 1}",medium,умеренное заживление,периметр раны на первом снимке (повышен); средняя светлота раны (L*) на первом снимке (повышен); текстурная энергия раны на первом снимке (повышен)
task_200,MK-566477,1,slow,замедленное заживление,0.6148264105087349,"{""slow"": 1}",slow,замедленное заживление,периметр раны на первом снимке (снижен); текстурная однородность раны на первом снимке (снижен); доля гиперемии относительно площади раны (повышен)
task_21,Ц-019,1,slow,замедленное заживление,0.6751944345910367,"{""slow"": 1}",slow,замедленное заживление,периметр раны на первом снимке (повышен); доля гиперемии относительно площади раны (повышен); текстурная энергия раны на первом снимке (повышен)
task_215,MK-525814,1,medium,умеренное заживление,0.5789434406279433,"{""medium"": 1}",medium,умеренное заживление,текстурная однородность раны на первом снимке (около медианы); текстурная энтропия раны на первом снимке (снижен); периметр раны на первом снимке (около медианы)
task_226,MK-484584,1,medium,умеренное заживление,0.7753743410520053,"{""medium"": 1}",medium,умеренное заживление,периметр раны на первом снимке (повышен); текстурная энергия раны на первом снимке (снижен); текстурная однородность раны на первом снимке (около медианы)
task_235,MK-569548,1,fast,быстрое заживление,0.6901410214945508,"{""fast"": 1}",fast,быстрое заживление,периметр раны на первом снимке (снижен); средняя светлота раны (L*) на первом снимке (повышен); средняя светлота шовной зоны (L*) на первом снимке (повышен)
task_237,MK-570536,1,slow,замедленное заживление,0.5969477735248485,"{""slow"": 1}",slow,замедленное заживление,периметр раны на первом снимке (снижен); средняя светлота раны (L*) на первом снимке (снижен); текстурная однородность раны на первом снимке (снижен)
task_6,Пискунова,1,slow,замедленное заживление,0.6140629149432069,"{""slow"": 1}",slow,замедленное заживление,периметр раны на первом снимке (снижен); текстурная однородность раны на первом снимке (снижен); текстурная энергия раны на первом снимке (снижен)
task_63,Ц-068,1,medium,умеренное заживление,0.6088333629676809,"{""medium"": 1}",medium,умеренное заживление,средняя светлота раны (L*) на первом снимке (снижен); средняя светлота шовной зоны (L*) на первом снимке (снижен); периметр раны на первом снимке (повышен)
task_65,Ц-061,1,slow,замедленное заживление,0.9410150134759871,"{""slow"": 1}",slow,замедленное заживление,периметр раны на первом снимке (снижен); текстурная энергия раны на первом снимке (повышен); средняя светлота раны (L*) на первом снимке (снижен)
task_83,Ц-048,1,slow,замедленное заживление,0.4322063930305391,"{""slow"": 1}",slow,замедленное заживление,средняя светлота раны (L*) на первом снимке (снижен); средняя светлота шовной зоны (L*) на первом снимке (снижен); периметр раны на первом снимке (снижен)
