task_dir,task_name,phase_segment_id,phase_label,target_healing_speed_class,wound_perimeter_px_first,wound_L_mean_first,suture_zone_L_mean_first,wound_glcm_energy_first,suture_zone_glcm_energy_first,hyperemia_zone_area_pct_wound_first,wound_glcm_entropy_first,wound_glcm_homogeneity_first,pred_class_id,pred_class_name,proba_fast,proba_medium,proba_slow,pred_confidence,target_class_name,pred_class_name_ru,interpretation_short,interpretation_full,target_class_name_ru
task_106,MK546248,0,sutured,slow,1062.727922061358,39.20613098144531,38.95471954345703,0.4198741243795998,0.412796740863642,0.0,3.3756601146067062,0.8471075987443372,2,slow,0.0342527725358285,0.0673338411475022,0.8984133863166686,0.8984133863166686,slow,замедленное заживление,периметр раны на первом снимке (снижен); текстурная энергия раны на первом снимке (повышен); текстурная энергия шовной зоны на первом снимке (повышен),"Модель отнесла случай к категории «замедленное заживление». Наиболее выделяющиеся значимые признаки: периметр раны на первом снимке: снижен, текстурная энергия раны на первом снимке: повышен, текстурная энергия шовной зоны на первом снимке: повышен.",замедленное заживление
task_109,MK232125,0,sutured,fast,1889.834523779156,53.978736877441406,54.24249649047852,0.3199940541485524,0.3210625809876374,0.0,3.7358900406806654,0.8764873035423788,0,fast,0.721690259643156,0.2174684106686098,0.0608413296882343,0.721690259643156,fast,быстрое заживление,средняя светлота раны (L*) на первом снимке (повышен); периметр раны на первом снимке (снижен); средняя светлота шовной зоны (L*) на первом снимке (повышен),"Модель отнесла случай к категории «быстрое заживление». Наиболее выделяющиеся значимые признаки: средняя светлота раны (L*) на первом снимке: повышен, периметр раны на первом снимке: снижен, средняя светлота шовной зоны (L*) на первом снимке: повышен.",быстрое заживление
task_112,MK534293,1,device_present,fast,2769.118795026618,26.746212005615234,26.50208282470703,0.3038320403409997,0.301391738434918,0.0,4.031818121547051,0.8407548281565096,0,fast,0.6491855586210622,0.2165678271604502,0.1342466142184873,0.6491855586210622,fast,быстрое заживление,периметр раны на первом снимке (повышен); средняя светлота раны (L*) на первом снимке (снижен); средняя светлота шовной зоны (L*) на первом снимке (снижен),"Модель отнесла случай к категории «быстрое заживление». Наиболее выделяющиеся значимые признаки: периметр раны на первом снимке: повышен, средняя светлота раны (L*) на первом снимке: снижен, средняя светлота шовной зоны (L*) на первом снимке: снижен.",быстрое заживление
task_113,MK421655,0,device_present,fast,2768.8761543394985,49.21342849731445,49.00180816650391,0.2401266671578712,0.2382310589796714,0.0,4.911658338175031,0.732876269835806,0,fast,0.65141811755824,0.2962651031740655,0.0523167792676939,0.65141811755824,fast,быстрое заживление,текстурная однородность раны на первом снимке (снижен); периметр раны на первом снимке (повышен); текстурная энергия раны на первом снимке (снижен),"Модель отнесла случай к категории «быстрое заживление». Наиболее выделяющиеся значимые признаки: текстурная однородность раны на первом снимке: снижен, периметр раны на первом снимке: повышен, текстурная энергия раны на первом снимке: снижен.",быстрое заживление
task_114,MK541383,0,sutured,fast,2866.154328932551,53.61594772338867,53.43885040283203,0.342051731248236,0.3435775509525645,0.0,4.004621599752414,0.8421652999198301,0,fast,0.8221216753581602,0.1580729830385828,0.0198053416032573,0.8221216753581602,fast,быстрое заживление,периметр раны на первом снимке (повышен); средняя светлота раны (L*) на первом снимке (повышен); средняя светлота шовной зоны (L*) на первом снимке (повышен),"Модель отнесла случай к категории «быстрое заживление». Наиболее выделяющиеся значимые признаки: периметр раны на первом снимке: повышен, средняя светлота раны (L*) на первом снимке: повышен, средняя светлота шовной зоны (L*) на первом снимке: повышен.",быстрое заживление
task_115,MK557412,0,sutured,medium,4674.8294731452725,43.86865615844727,43.4493408203125,0.2610205517518288,0.2558599913165725,0.0,4.625335500524606,0.8041418713870714,1,medium,0.1850573410597458,0.7948683893142946,0.0200742696259593,0.7948683893142946,medium,умеренное заживление,периметр раны на первом снимке (повышен); текстурная энергия раны на первом снимке (снижен); текстурная энтропия раны на первом снимке (повышен),"Модель отнесла случай к категории «умеренное заживление». Наиболее выделяющиеся значимые признаки: периметр раны на первом снимке: повышен, текстурная энергия раны на первом снимке: снижен, текстурная энтропия раны на первом снимке: повышен.",умеренное заживление
task_116,MK533082,0,device_present,slow,1077.4558441227157,28.25278663635254,28.178024291992188,0.3865957426193866,0.3856416769598333,0.0,3.447858585151071,0.8531452107698365,2,slow,0.0153969671777772,0.0839899174730745,0.9006131153491481,0.9006131153491481,slow,замедленное заживление,периметр раны на первом снимке (снижен); текстурная энергия раны на первом снимке (повышен); средняя светлота раны (L*) на первом снимке (снижен),"Модель отнесла случай к категории «замедленное заживление». Наиболее выделяющиеся значимые признаки: периметр раны на первом снимке: снижен, текстурная энергия раны на первом снимке: повышен, средняя светлота раны (L*) на первом снимке: снижен.",замедленное заживление
task_118,MK550008,0,sutured,fast,4008.681240867132,49.43199920654297,49.41157531738281,0.3024506553724523,0.3026663805966935,0.0,4.327377983438783,0.8426341993772484,0,fast,0.8938719960790776,0.1004048520425705,0.0057231518783517,0.8938719960790776,fast,быстрое заживление,периметр раны на первом снимке (повышен); средняя светлота раны (L*) на первом снимке (повышен); средняя светлота шовной зоны (L*) на первом снимке (повышен),"Модель отнесла случай к категории «быстрое заживление». Наиболее выделяющиеся значимые признаки: периметр раны на первом снимке: повышен, средняя светлота раны (L*) на первом снимке: повышен, средняя светлота шовной зоны (L*) на первом снимке: повышен.",быстрое заживление
task_121,MK556464,2,sutured,fast,2990.9116882454314,48.38164520263672,47.700077056884766,0.2696792150058015,0.2788125430711467,0.0,4.73871174156281,0.7842503480329892,0,fast,0.6412866246842143,0.3185218049414163,0.0401915703743689,0.6412866246842143,fast,быстрое заживление,периметр раны на первом снимке (повышен); текстурная однородность раны на первом снимке (снижен); средняя светлота раны (L*) на первом снимке (повышен),"Модель отнесла случай к категории «быстрое заживление». Наиболее выделяющиеся значимые признаки: периметр раны на первом снимке: повышен, текстурная однородность раны на первом снимке: снижен, средняя светлота раны (L*) на первом снимке: повышен.",быстрое заживление
task_122,MK551591,0,device_present,medium,2566.3259018078047,49.02529525756836,50.96745681762695,0.254954363513657,0.2807320412733994,0.0,4.835531424654569,0.7587638502761929,1,medium,0.4457888388799403,0.5032682587866861,0.0509429023333734,0.5032682587866861,medium,умеренное заживление,текстурная однородность раны на первом снимке (снижен); текстурная энергия раны на первом снимке (снижен); средняя светлота раны (L*) на первом снимке (повышен),"Модель отнесла случай к категории «умеренное заживление». Наиболее выделяющиеся значимые признаки: текстурная однородность раны на первом снимке: снижен, текстурная энергия раны на первом снимке: снижен, средняя светлота раны (L*) на первом снимке: повышен.",умеренное заживление
task_123,MK553148,0,device_present,medium,2099.805086527633,47.1842155456543,46.66861343383789,0.1619762794321732,0.1599836487343012,0.0,5.839324301903281,0.6580498912573405,1,medium,0.4447531046785553,0.5010083253726456,0.054238569948799,0.5010083253726456,medium,умеренное заживление,текстурная однородность раны на первом снимке (снижен); текстурная энергия раны на первом снимке (снижен); текстурная энтропия раны на первом снимке (повышен),"Модель отнесла случай к категории «умеренное заживление». Наиболее выделяющиеся значимые признаки: текстурная однородность раны на первом снимке: снижен, текстурная энергия раны на первом снимке: снижен, текстурная энтропия раны на первом снимке: повышен.",умеренное заживление
task_124,MK350063,0,sutured,medium,2237.39087296526,35.65633010864258,34.38920211791992,0.3604233904018358,0.3408046799682096,0.0,3.702239313400742,0.8576611278296163,1,medium,0.2057747706553473,0.6731848964183362,0.1210403329263162,0.6731848964183362,medium,умеренное заживление,текстурная энергия раны на первом снимке (повышен); текстурная однородность раны на первом снимке (около медианы); средняя светлота шовной зоны (L*) на первом снимке (снижен),"Модель отнесла случай к категории «умеренное заживление». Наиболее выделяющиеся значимые признаки: текстурная энергия раны на первом снимке: повышен, текстурная однородность раны на первом снимке: около медианы, средняя светлота шовной зоны (L*) на первом снимке: снижен.",умеренное заживление
task_125,MK557848,0,sutured,slow,2605.6274169979697,32.42222595214844,32.553565979003906,0.4527215133816072,0.4710739361129532,0.0,2.97084418703276,0.9161203008012266,2,slow,0.0120909347360294,0.1203420505735262,0.8675670146904442,0.8675670146904442,slow,замедленное заживление,текстурная энергия раны на первом снимке (повышен); текстурная однородность раны на первом снимке (повышен); текстурная энтропия раны на первом снимке (снижен),"Модель отнесла случай к категории «замедленное заживление». Наиболее выделяющиеся значимые признаки: текстурная энергия раны на первом снимке: повышен, текстурная однородность раны на первом снимке: повышен, текстурная энтропия раны на первом снимке: снижен.",замедленное заживление
task_126,MK419568,0,sutured,slow,2346.7695526217003,38.67155838012695,38.69023513793945,0.4171771925032647,0.4159328782802389,0.0,3.2968846028622387,0.8972485314506093,2,slow,0.0103359238219522,0.0589020169417208,0.9307620592363266,0.9307620592363266,slow,замедленное заживление,текстурная энергия раны на первом снимке (повышен); текстурная однородность раны на первом снимке (повышен); текстурная энтропия раны на первом снимке (снижен),"Модель отнесла случай к категории «замедленное заживление». Наиболее выделяющиеся значимые признаки: текстурная энергия раны на первом снимке: повышен, текстурная однородность раны на первом снимке: повышен, текстурная энтропия раны на первом снимке: снижен.",замедленное заживление
task_127,MK531700,0,sutured,medium,1163.698484809835,51.52817535400391,50.97748947143555,0.3871375476147944,0.3914117489697682,0.0,3.727364910770012,0.8304479911751256,1,medium,0.1687570255810594,0.4274318909674919,0.4038110834514486,0.4274318909674919,medium,умеренное заживление,периметр раны на первом снимке (снижен); средняя светлота раны (L*) на первом снимке (повышен); текстурная энергия раны на первом снимке (повышен),"Модель отнесла случай к категории «умеренное заживление». Наиболее выделяющиеся значимые признаки: периметр раны на первом снимке: снижен, средняя светлота раны (L*) на первом снимке: повышен, текстурная энергия раны на первом снимке: повышен.",умеренное заживление
task_129,MK306675,0,sutured,fast,2411.3553390593274,39.62067031860352,40.09927749633789,0.2434761528006893,0.2311876425333583,0.0,5.025663827707341,0.7249260499548809,0,fast,0.5869849538077765,0.3634714007508351,0.0495436454413882,0.5869849538077765,fast,быстрое заживление,текстурная однородность раны на первом снимке (снижен); текстурная энергия раны на первом снимке (снижен); текстурная энтропия раны на первом снимке (повышен),"Модель отнесла случай к категории «быстрое заживление». Наиболее выделяющиеся значимые признаки: текстурная однородность раны на первом снимке: снижен, текстурная энергия раны на первом снимке: снижен, текстурная энтропия раны на первом снимке: повышен.",быстрое заживление
task_134,MK496909,0,device_present,medium,2343.39087296526,26.82882308959961,26.88363265991211,0.2713125617538597,0.2727502192387994,0.0,4.214063905560456,0.7877471944177863,1,medium,0.1255345969114198,0.7498538569180494,0.1246115461705306,0.7498538569180494,medium,умеренное заживление,средняя светлота раны (L*) на первом снимке (снижен); средняя светлота шовной зоны (L*) на первом снимке (снижен); текстурная однородность раны на первом снимке (снижен),"Модель отнесла случай к категории «умеренное заживление». Наиболее выделяющиеся значимые признаки: средняя светлота раны (L*) на первом снимке: снижен, средняя светлота шовной зоны (L*) на первом снимке: снижен, текстурная однородность раны на первом снимке: снижен.",умеренное заживление
task_135,MK555285,1,device_present,slow,2030.355339059328,28.292728424072266,28.180593490600582,0.403755706574867,0.4026005903135722,0.0,3.156853169612233,0.9070076370721876,2,slow,0.0043347290133377,0.0210773575608861,0.974587913425776,0.974587913425776,slow,замедленное заживление,текстурная однородность раны на первом снимке (повышен); текстурная энергия раны на первом снимке (повышен); средняя светлота раны (L*) на первом снимке (снижен),"Модель отнесла случай к категории «замедленное заживление». Наиболее выделяющиеся значимые признаки: текстурная однородность раны на первом снимке: повышен, текстурная энергия раны на первом снимке: повышен, средняя светлота раны (L*) на первом снимке: снижен.",замедленное заживление
task_136,MK561632,0,device_present,fast,2682.840620433566,40.20345687866211,40.31301498413086,0.2970494285753462,0.2981911706153393,0.0,4.332900847745902,0.8274451073905924,0,fast,0.8215118489332742,0.1574188892242128,0.0210692618425132,0.8215118489332742,fast,быстрое заживление,периметр раны на первом снимке (повышен); текстурная энтропия раны на первом снимке (повышен); текстурная энергия раны на первом снимке (снижен),"Модель отнесла случай к категории «быстрое заживление». Наиболее выделяющиеся значимые признаки: периметр раны на первом снимке: повышен, текстурная энтропия раны на первом снимке: повышен, текстурная энергия раны на первом снимке: снижен.",быстрое заживление
task_137,MK186083,0,sutured,medium,2470.4619407771256,44.57912826538086,44.5206298828125,0.3354553958857717,0.3336797053416323,0.0,3.940078320932898,0.8779605129500108,1,medium,0.231364047547512,0.733505081453749,0.0351308709987387,0.733505081453749,medium,умеренное заживление,текстурная однородность раны на первом снимке (повышен); средняя светлота раны (L*) на первом снимке (повышен); средняя светлота шовной зоны (L*) на первом снимке (повышен),"Модель отнесла случай к категории «умеренное заживление». Наиболее выделяющиеся значимые признаки: текстурная однородность раны на первом снимке: повышен, средняя светлота раны (L*) на первом снимке: повышен, средняя светлота шовной зоны (L*) на первом снимке: повышен.",умеренное заживление
task_138,MK529669,0,sutured,slow,1751.3908729652603,38.05072784423828,39.20619583129883,0.2631110938951167,0.2575758976531477,3.158598585322723,4.454334248275125,0.7876324697382613,2,slow,0.2338480832737363,0.2637984992615642,0.5023534174647,0.5023534174647,slow,замедленное заживление,периметр раны на первом снимке (снижен); текстурная однородность раны на первом снимке (снижен); текстурная энергия раны на первом снимке (снижен),"Модель отнесла случай к категории «замедленное заживление». Наиболее выделяющиеся значимые признаки: периметр раны на первом снимке: снижен, текстурная однородность раны на первом снимке: снижен, текстурная энергия раны на первом снимке: снижен.",замедленное заживление
task_140,MK525662,0,sutured,medium,1389.2132034355964,33.42815399169922,33.29190444946289,0.2636347404997357,0.2641134835534564,0.0,4.346185944708374,0.8147369361811541,1,medium,0.1554120083110976,0.5983649181237047,0.2462230735651975,0.5983649181237047,medium,умеренное заживление,периметр раны на первом снимке (снижен); текстурная энергия раны на первом снимке (снижен); средняя светлота раны (L*) на первом снимке (снижен),"Модель отнесла случай к категории «умеренное заживление». Наиболее выделяющиеся значимые признаки: периметр раны на первом снимке: снижен, текстурная энергия раны на первом снимке: снижен, средняя светлота раны (L*) на первом снимке: снижен.",умеренное заживление
task_141,MK544368,0,sutured,fast,2250.0121933088194,54.86769485473633,53.59023284912109,0.3222689841634819,0.3073232180403527,0.0,4.1412903865006845,0.8393506805020517,0,fast,0.8979779582425015,0.0842708242684175,0.0177512174890817,0.8979779582425015,fast,быстрое заживление,средняя светлота раны (L*) на первом снимке (повышен); средняя светлота шовной зоны (L*) на первом снимке (повышен); периметр раны на первом снимке (около медианы),"Модель отнесла случай к категории «быстрое заживление». Наиболее выделяющиеся значимые признаки: средняя светлота раны (L*) на первом снимке: повышен, средняя светлота шовной зоны (L*) на первом снимке: повышен, периметр раны на первом снимке: около медианы.",быстрое заживление
task_142,MK536656,0,device_present,fast,1968.355339059328,35.281986236572266,,0.2518451214564801,,0.0,4.576173148141303,0.6933446954457755,0,fast,0.6114568742249158,0.2470231223173203,0.1415200034577636,0.6114568742249158,fast,быстрое заживление,текстурная однородность раны на первом снимке (снижен); периметр раны на первом снимке (снижен); текстурная энергия раны на первом снимке (снижен),"Модель отнесла случай к категории «быстрое заживление». Наиболее выделяющиеся значимые признаки: текстурная однородность раны на первом снимке: снижен, периметр раны на первом снимке: снижен, текстурная энергия раны на первом снимке: снижен.",быстрое заживление
task_143,MK542364,0,sutured,fast,2755.805086527633,36.72713851928711,36.36257553100586,0.3500338312634766,0.3492361005919411,0.0,3.775273237898417,0.8521765007962647,0,fast,0.5534354486258808,0.3832340853564204,0.0633304660176989,0.5534354486258808,fast,быстрое заживление,периметр раны на первом снимке (повышен); текстурная энергия раны на первом снимке (повышен); текстурная однородность раны на первом снимке (около медианы),"Модель отнесла случай к категории «быстрое заживление». Наиболее выделяющиеся значимые признаки: периметр раны на первом снимке: повышен, текстурная энергия раны на первом снимке: повышен, текстурная однородность раны на первом снимке: около медианы.",быстрое заживление
task_144,MK544245,0,sutured,medium,3919.1248916810273,39.52283477783203,39.25340270996094,0.3095193992626521,0.3030156049864186,0.0,4.141099409966142,0.8216370454087514,1,medium,0.4553182069577655,0.504976923557047,0.0397048694851871,0.504976923557047,medium,умеренное заживление,периметр раны на первом снимке (повышен); текстурная однородность раны на первом снимке (около медианы); текстурная энтропия раны на первом снимке (около медианы),"Модель отнесла случай к категории «умеренное заживление». Наиболее выделяющиеся значимые признаки: периметр раны на первом снимке: повышен, текстурная однородность раны на первом снимке: около медианы, текстурная энтропия раны на первом снимке: около медианы.",умеренное заживление
task_145,MK331817,0,device_present,medium,2152.840620433566,25.283344268798828,25.19190216064453,0.2697176573760923,0.2696840090068748,0.0,4.396781041051224,0.7741344286833035,1,medium,0.0576386685288319,0.7252781713244153,0.2170831601467523,0.7252781713244153,medium,умеренное заживление,средняя светлота раны (L*) на первом снимке (снижен); текстурная однородность раны на первом снимке (снижен); средняя светлота шовной зоны (L*) на первом снимке (снижен),"Модель отнесла случай к категории «умеренное заживление». Наиболее выделяющиеся значимые признаки: средняя светлота раны (L*) на первом снимке: снижен, текстурная однородность раны на первом снимке: снижен, средняя светлота шовной зоны (L*) на первом снимке: снижен.",умеренное заживление
task_148,MK548585,0,sutured,slow,3262.15432893255,41.46213912963867,41.35845947265625,0.4079372594458351,0.3960873492965308,0.0,3.4215804621778414,0.8766251570789858,2,slow,0.0150165171300092,0.1044051471182688,0.8805783357517218,0.8805783357517218,slow,замедленное заживление,периметр раны на первом снимке (повышен); текстурная энергия раны на первом снимке (повышен); текстурная однородность раны на первом снимке (около медианы),"Модель отнесла случай к категории «замедленное заживление». Наиболее выделяющиеся значимые признаки: периметр раны на первом снимке: повышен, текстурная энергия раны на первом снимке: повышен, текстурная однородность раны на первом снимке: около медианы.",замедленное заживление
task_161,MK-373566,0,open,slow,365.89949493661175,21.196401596069336,,0.4694931766234365,,0.4653441097232427,3.507647105410956,0.87470139823081,2,slow,0.0562446276437343,0.1250362005330959,0.8187191718231694,0.8187191718231694,slow,замедленное заживление,периметр раны на первом снимке (снижен); текстурная энергия раны на первом снимке (повышен); средняя светлота раны (L*) на первом снимке (снижен),"Модель отнесла случай к категории «замедленное заживление». Наиболее выделяющиеся значимые признаки: периметр раны на первом снимке: снижен, текстурная энергия раны на первом снимке: повышен, средняя светлота раны (L*) на первом снимке: снижен.",замедленное заживление
task_162,MK-551233,0,open,fast,,,,,,,,,0,fast,0.721017853138842,0.2335537615257336,0.0454283853354246,0.721017853138842,fast,быстрое заживление,периметр раны на первом снимке (неопределён); средняя светлота раны (L*) на первом снимке (неопределён); средняя светлота шовной зоны (L*) на первом снимке (неопределён),"Модель отнесла случай к категории «быстрое заживление». Наиболее выделяющиеся значимые признаки: периметр раны на первом снимке: неопределён, средняя светлота раны (L*) на первом снимке: неопределён, средняя светлота шовной зоны (L*) на первом снимке: неопределён.",быстрое заживление
task_167,MK-555077,0,sutured,slow,2969.3908729652603,38.446510314941406,38.25313949584961,0.3963803137187354,0.3935099408069849,0.0,3.331745333045217,0.910867291480724,2,slow,0.0206083945479522,0.0698170865579425,0.9095745188941048,0.9095745188941048,slow,замедленное заживление,периметр раны на первом снимке (повышен); текстурная однородность раны на первом снимке (повышен); текстурная энергия раны на первом снимке (повышен),"Модель отнесла случай к категории «замедленное заживление». Наиболее выделяющиеся значимые признаки: периметр раны на первом снимке: повышен, текстурная однородность раны на первом снимке: повышен, текстурная энергия раны на первом снимке: повышен.",замедленное заживление
task_168,MK-378604,0,sutured,slow,1836.254833995939,45.30118179321289,45.25654220581055,0.3730409520162694,0.3737393091461638,0.0,3.876517708250272,0.8195128245126473,2,slow,0.149940074751793,0.3001292310951092,0.549930694153098,0.549930694153098,slow,замедленное заживление,периметр раны на первом снимке (снижен); текстурная энергия раны на первом снимке (повышен); средняя светлота раны (L*) на первом снимке (повышен),"Модель отнесла случай к категории «замедленное заживление». Наиболее выделяющиеся значимые признаки: периметр раны на первом снимке: снижен, текстурная энергия раны на первом снимке: повышен, средняя светлота раны (L*) на первом снимке: повышен.",замедленное заживление
task_169,MK-564579,1,device_present,medium,2104.9472221513643,26.640026092529297,26.630949020385746,0.2686571879993507,0.2679087699771392,0.9370039128004471,4.420943498574817,0.779027789069699,1,medium,0.0912676013147194,0.7892000765181543,0.1195323221671255,0.7892000765181543,medium,умеренное заживление,средняя светлота раны (L*) на первом снимке (снижен); текстурная однородность раны на первом снимке (снижен); средняя светлота шовной зоны (L*) на первом снимке (снижен),"Модель отнесла случай к категории «умеренное заживление». Наиболее выделяющиеся значимые признаки: средняя светлота раны (L*) на первом снимке: снижен, текстурная однородность раны на первом снимке: снижен, средняя светлота шовной зоны (L*) на первом снимке: снижен.",умеренное заживление
task_171,MK-562784,2,device_present,fast,9617.107647738325,36.71209335327149,36.72920227050781,0.3041806206031487,0.3046160938358295,0.0,4.063671358261459,0.8843746081106608,0,fast,0.7051700317492098,0.2392253312072252,0.055604637043565,0.7051700317492098,fast,быстрое заживление,периметр раны на первом снимке (повышен); текстурная однородность раны на первом снимке (повышен); средняя светлота раны (L*) на первом снимке (снижен),"Модель отнесла случай к категории «быстрое заживление». Наиболее выделяющиеся значимые признаки: периметр раны на первом снимке: повышен, текстурная однородность раны на первом снимке: повышен, средняя светлота раны (L*) на первом снимке: снижен.",быстрое заживление
task_179,MK-566212,0,sutured,medium,2522.1837661840736,41.61660385131836,41.93080520629883,0.3407158366782688,0.3296703852903218,0.0,4.050375555053719,0.8568774047492873,1,medium,0.2603801135986543,0.7190461728898151,0.0205737135115301,0.7190461728898151,medium,умеренное заживление,периметр раны на первом снимке (повышен); текстурная однородность раны на первом снимке (около медианы); текстурная энергия раны на первом снимке (повышен),"Модель отнесла случай к категории «умеренное заживление». Наиболее выделяющиеся значимые признаки: периметр раны на первом снимке: повышен, текстурная однородность раны на первом снимке: около медианы, текстурная энергия раны на первом снимке: повышен.",умеренное заживление
task_180,MK-463672,1,sutured,fast,1771.698484809835,35.57253646850586,35.515743255615234,0.2553856863468324,0.2496898400815713,0.9454517692865596,4.525236046655939,0.8149507319967016,0,fast,0.5574538712253134,0.2714496310871402,0.1710964976875466,0.5574538712253134,fast,быстрое заживление,периметр раны на первом снимке (снижен); текстурная энергия раны на первом снимке (снижен); текстурная энтропия раны на первом снимке (повышен),"Модель отнесла случай к категории «быстрое заживление». Наиболее выделяющиеся значимые признаки: периметр раны на первом снимке: снижен, текстурная энергия раны на первом снимке: снижен, текстурная энтропия раны на первом снимке: повышен.",быстрое заживление
task_181,MK-502598,0,device_present,medium,6437.1604255869615,44.62320709228516,44.33858108520508,0.3556488125303568,0.3553264622612218,0.0,3.4863947149343937,0.9222460552727813,1,medium,0.1594282506815357,0.673500790227349,0.1670709590911148,0.673500790227349,medium,умеренное заживление,периметр раны на первом снимке (повышен); текстурная однородность раны на первом снимке (повышен); текстурная энергия раны на первом снимке (повышен),"Модель отнесла случай к категории «умеренное заживление». Наиболее выделяющиеся значимые признаки: периметр раны на первом снимке: повышен, текстурная однородность раны на первом снимке: повышен, текстурная энергия раны на первом снимке: повышен.",умеренное заживление
task_182,MK-556201,0,sutured,fast,1401.834523779156,45.97406768798828,46.20243835449219,0.3314327967349961,0.3297995560546942,0.0,4.057980916436472,0.8496424538458854,0,fast,0.6741829533514349,0.2329290708621296,0.0928879757864358,0.6741829533514349,fast,быстрое заживление,периметр раны на первом снимке (снижен); средняя светлота раны (L*) на первом снимке (повышен); средняя светлота шовной зоны (L*) на первом снимке (повышен),"Модель отнесла случай к категории «быстрое заживление». Наиболее выделяющиеся значимые признаки: периметр раны на первом снимке: снижен, средняя светлота раны (L*) на первом снимке: повышен, средняя светлота шовной зоны (L*) на первом снимке: повышен.",быстрое заживление
task_183,MK-555562,0,device_present,fast,2648.740115370177,33.12397766113281,32.63325119018555,0.2794062654531793,0.2778660537405602,0.6391991122234553,4.340412364202503,0.8259548707321168,0,fast,0.7217667468133051,0.2093712108149109,0.0688620423717844,0.7217667468133051,fast,быстрое заживление,периметр раны на первом снимке (повышен); текстурная энергия раны на первом снимке (снижен); средняя светлота раны (L*) на первом снимке (снижен),"Модель отнесла случай к категории «быстрое заживление». Наиболее выделяющиеся значимые признаки: периметр раны на первом снимке: повышен, текстурная энергия раны на первом снимке: снижен, средняя светлота раны (L*) на первом снимке: снижен.",быстрое заживление
task_191,MK-560857,0,sutured,slow,1750.976659402887,28.003448486328125,27.79859161376953,0.4322193755309747,0.4257806697043467,0.0,3.1328891461168564,0.8714817658055745,2,slow,0.0030691786283891,0.0444884683981481,0.9524423529734628,0.9524423529734628,slow,замедленное заживление,текстурная энергия раны на первом снимке (повышен); периметр раны на первом снимке (снижен); средняя светлота раны (L*) на первом снимке (снижен),"Модель отнесла случай к категории «замедленное заживление». Наиболее выделяющиеся значимые признаки: текстурная энергия раны на первом снимке: повышен, периметр раны на первом снимке: снижен, средняя светлота раны (L*) на первом снимке: снижен.",замедленное заживление
task_199,MK-450760,0,sutured,medium,3048.846717087976,60.89878082275391,60.795875549316406,0.4409073907860279,0.4375531756520843,3.4471089680113662,3.08561521079131,0.8889242439427391,2,slow,0.0415139615460623,0.3934766871360325,0.5650093513179052,0.5650093513179052,medium,замедленное заживление,периметр раны на первом снимке (повышен); средняя светлота раны (L*) на первом снимке (повышен); текстурная энергия раны на первом снимке (повышен),"Модель отнесла случай к категории «замедленное заживление». Наиболее выделяющиеся значимые признаки: периметр раны на первом снимке: повышен, средняя светлота раны (L*) на первом снимке: повышен, текстурная энергия раны на первом снимке: повышен.",умеренное заживление
task_200,MK-566477,0,sutured,slow,1044.284271247462,49.58829116821289,50.18467712402344,0.274901054232699,0.2582273748133256,8.352805440854992,4.699618435337275,0.7506630861055867,2,slow,0.2175484827478807,0.1676251067433847,0.6148264105087349,0.6148264105087349,slow,замедленное заживление,периметр раны на первом снимке (снижен); текстурная однородность раны на первом снимке (снижен); доля гиперемии относительно площади раны (повышен),"Модель отнесла случай к категории «замедленное заживление». Наиболее выделяющиеся значимые признаки: периметр раны на первом снимке: снижен, текстурная однородность раны на первом снимке: снижен, доля гиперемии относительно площади раны: повышен.",замедленное заживление
task_21,Ц-019,0,sutured,slow,4655.072113832392,54.25042724609375,54.94611740112305,0.4133924636209466,0.3986191270078386,12.57892115851958,3.415057445615888,0.8647957367772503,2,slow,0.0440638518216529,0.2807417135873106,0.6751944345910367,0.6751944345910367,slow,замедленное заживление,периметр раны на первом снимке (повышен); доля гиперемии относительно площади раны (повышен); текстурная энергия раны на первом снимке (повышен),"Модель отнесла случай к категории «замедленное заживление». Наиболее выделяющиеся значимые признаки: периметр раны на первом снимке: повышен, доля гиперемии относительно площади раны: повышен, текстурная энергия раны на первом снимке: повышен.",замедленное заживление
task_215,MK-525814,1,sutured,medium,2425.432503525603,37.620147705078125,36.10442352294922,0.3301939188152975,0.3112270589974444,0.0,3.803666962834346,0.8502913809439804,1,medium,0.3643948453698777,0.5789434406279433,0.056661714002179,0.5789434406279433,medium,умеренное заживление,текстурная однородность раны на первом снимке (около медианы); текстурная энтропия раны на первом снимке (снижен); периметр раны на первом снимке (около медианы),"Модель отнесла случай к категории «умеренное заживление». Наиболее выделяющиеся значимые признаки: текстурная однородность раны на первом снимке: около медианы, текстурная энтропия раны на первом снимке: снижен, периметр раны на первом снимке: около медианы.",умеренное заживление
task_226,MK-484584,0,sutured,medium,3391.4325035256024,43.2574462890625,43.129913330078125,0.2604804260231979,0.2563338330107974,0.0,4.58357537533599,0.7982020081279936,1,medium,0.2048829973078754,0.7753743410520053,0.0197426616401185,0.7753743410520053,medium,умеренное заживление,периметр раны на первом снимке (повышен); текстурная энергия раны на первом снимке (снижен); текстурная однородность раны на первом снимке (около медианы),"Модель отнесла случай к категории «умеренное заживление». Наиболее выделяющиеся значимые признаки: периметр раны на первом снимке: повышен, текстурная энергия раны на первом снимке: снижен, текстурная однородность раны на первом снимке: около медианы.",умеренное заживление
task_235,MK-569548,1,sutured,fast,1604.8050865276332,47.50116729736328,47.55533599853516,0.333600300759391,0.3418651878724117,0.0,3.826946269548243,0.8229596819522069,0,fast,0.6901410214945508,0.2037817320859405,0.1060772464195089,0.6901410214945508,fast,быстрое заживление,периметр раны на первом снимке (снижен); средняя светлота раны (L*) на первом снимке (повышен); средняя светлота шовной зоны (L*) на первом снимке (повышен),"Модель отнесла случай к категории «быстрое заживление». Наиболее выделяющиеся значимые признаки: периметр раны на первом снимке: снижен, средняя светлота раны (L*) на первом снимке: повышен, средняя светлота шовной зоны (L*) на первом снимке: повышен.",быстрое заживление
task_237,MK-570536,1,device_present,slow,1283.3553390593274,26.02193069458008,25.464763641357425,0.2710793912312615,0.2624143175198706,0.0,4.294580850814462,0.7817419485945007,2,slow,0.0490320159427275,0.3540202105324244,0.5969477735248485,0.5969477735248485,slow,замедленное заживление,периметр раны на первом снимке (снижен); средняя светлота раны (L*) на первом снимке (снижен); текстурная однородность раны на первом снимке (снижен),"Модель отнесла случай к категории «замедленное заживление». Наиболее выделяющиеся значимые признаки: периметр раны на первом снимке: снижен, средняя светлота раны (L*) на первом снимке: снижен, текстурная однородность раны на первом снимке: снижен.",замедленное заживление
task_6,Пискунова,0,open,slow,323.4852813742386,34.40904998779297,,0.2850525754040259,,0.0,4.267527471247865,0.7185336022209419,2,slow,0.2280890483381572,0.1578480367186362,0.6140629149432069,0.6140629149432069,slow,замедленное заживление,периметр раны на первом снимке (снижен); текстурная однородность раны на первом снимке (снижен); текстурная энергия раны на первом снимке (снижен),"Модель отнесла случай к категории «замедленное заживление». Наиболее выделяющиеся значимые признаки: периметр раны на первом снимке: снижен, текстурная однородность раны на первом снимке: снижен, текстурная энергия раны на первом снимке: снижен.",замедленное заживление
task_63,Ц-068,0,device_present,medium,2514.2193000900065,25.97084617614746,26.253374099731445,0.3098979755921571,0.309212597974737,1.352283285729034,4.044945390053703,0.8195024810010487,1,medium,0.1891225337784565,0.6088333629676809,0.2020441032538625,0.6088333629676809,medium,умеренное заживление,средняя светлота раны (L*) на первом снимке (снижен); средняя светлота шовной зоны (L*) на первом снимке (снижен); периметр раны на первом снимке (повышен),"Модель отнесла случай к категории «умеренное заживление». Наиболее выделяющиеся значимые признаки: средняя светлота раны (L*) на первом снимке: снижен, средняя светлота шовной зоны (L*) на первом снимке: снижен, периметр раны на первом снимке: повышен.",умеренное заживление
task_65,Ц-061,0,device_present,slow,1883.455844122716,24.659358978271484,29.08897590637207,0.4009278897143845,0.380992011064467,2.304636353480058,3.164403949963434,0.8827467208916245,2,slow,0.0083506041543537,0.0506343823696593,0.9410150134759871,0.9410150134759871,slow,замедленное заживление,периметр раны на первом снимке (снижен); текстурная энергия раны на первом снимке (повышен); средняя светлота раны (L*) на первом снимке (снижен),"Модель отнесла случай к категории «замедленное заживление». Наиболее выделяющиеся значимые признаки: периметр раны на первом снимке: снижен, текстурная энергия раны на первом снимке: повышен, средняя светлота раны (L*) на первом снимке: снижен.",замедленное заживление
task_83,Ц-048,0,sutured,slow,2165.8761543394985,26.1604118347168,25.882503509521484,0.308036570284892,0.2972897416301975,0.0,3.907696492441557,0.8285461236388925,2,slow,0.2489308887338196,0.3188627182356411,0.4322063930305391,0.4322063930305391,slow,замедленное заживление,средняя светлота раны (L*) на первом снимке (снижен); средняя светлота шовной зоны (L*) на первом снимке (снижен); периметр раны на первом снимке (снижен),"Модель отнесла случай к категории «замедленное заживление». Наиболее выделяющиеся значимые признаки: средняя светлота раны (L*) на первом снимке: снижен, средняя светлота шовной зоны (L*) на первом снимке: снижен, периметр раны на первом снимке: снижен.",замедленное заживление
