threshold,postprocess_mode,val_dice,val_iou,val_precision,val_recall
0.84,none,0.7414515448223011,0.6146113767777446,0.7282228018516491,0.825281430545117
0.86,none,0.7412460011688643,0.6142678040073717,0.7330027014394722,0.8187870759650172
0.82,none,0.7412270107844082,0.614445644465342,0.7236840643259791,0.8306238521061132
0.8,none,0.7409804548813786,0.6142410287487416,0.7195842430324423,0.8354074637990594
0.88,none,0.740921329378743,0.6137381994901803,0.7387229534971987,0.8113568833102641
0.78,none,0.7407565353782348,0.6140637134491084,0.7159109381991909,0.8397794607638771
0.76,none,0.7403950827550527,0.6137130110276471,0.7124549565582667,0.843687720431856
0.9,none,0.7402488440488406,0.6127942574965005,0.7452582264562206,0.8023045214675422
0.74,none,0.739979067647188,0.6133059955725358,0.7091070710670972,0.8472497265301219
0.72,none,0.7395041459385372,0.6128339564193578,0.7060852196865703,0.8504554789690223
0.7,none,0.7390452753113863,0.6123716420926478,0.7032015798320761,0.8534956308011616
0.68,none,0.7384397801683282,0.6117388135571743,0.7002333087332122,0.8563768914060856
0.66,none,0.7378475436296426,0.6111167079908193,0.6973788186381081,0.8590732185525511
0.64,none,0.7372937689318195,0.6105133533090981,0.694659303392449,0.8617025810415387
0.62,none,0.7365365074811698,0.6096614431701287,0.6918660606270056,0.8640609560257553
0.6,none,0.7359007099507207,0.6089850608835959,0.6892580941663676,0.8664483913716514
0.58,none,0.7352473853087605,0.6082702387122151,0.6867578898948179,0.8687207431112823
0.56,none,0.7345239846625403,0.6074677981656109,0.6841888302681884,0.8708492197811828
0.54,none,0.7337500640512815,0.6066045227144986,0.6816672863706521,0.8729528795849896
0.52,none,0.7329848675220564,0.6057545077427301,0.6791231134100622,0.8750623440006575
0.5,none,0.7322425551548929,0.6049308934667192,0.6766362800837508,0.8771290314191417
0.76,largest_cc_fill_holes,0.7192557676371576,0.591778345150489,0.7175510793775588,0.7854946652989839
0.76,largest_cc,0.7191836772538125,0.5916888045261336,0.7178221167305443,0.7851956293824022
0.74,largest_cc_fill_holes,0.7190983650634588,0.591663153990918,0.7145852329639257,0.7885165889593971
0.74,largest_cc,0.7190354031559485,0.5915903658036049,0.7148157427276443,0.7882579750596397
0.72,largest_cc_fill_holes,0.7188337782290785,0.5914415216118319,0.7118606923116613,0.7911599809538359
0.72,largest_cc,0.7187753612402579,0.5913757917696334,0.7120577860356897,0.7909342192465376
0.7,largest_cc_fill_holes,0.7185781292022111,0.5912250432903323,0.7092312162619989,0.7937165504096308
0.7,largest_cc,0.7185186218559573,0.5911582910763187,0.7094012838016025,0.7935098367006751
0.78,largest_cc,0.7182216579391807,0.5903517011168629,0.7223009414392527,0.7796107499667099
0.78,largest_cc_fill_holes,0.7182054592046255,0.590270601855857,0.7219729269250248,0.7797472464497418
0.68,largest_cc_fill_holes,0.718184967415021,0.5908552184526132,0.7065139331632175,0.7961401192556696
0.68,largest_cc,0.7181275897636373,0.5907909853321066,0.7066594913584674,0.7959548074558657
0.8,largest_cc,0.7179627348704106,0.5899446374815018,0.7255059041231442,0.775591788030068
0.8,largest_cc_fill_holes,0.7179507771529429,0.5898627947072896,0.7251154706540008,0.775755284636439
0.82,largest_cc,0.7179314237256885,0.5897989819427375,0.7293312006085338,0.7715238709626073
0.82,largest_cc_fill_holes,0.7179249786488132,0.589716967548672,0.7288640721022797,0.7717217746561297
0.66,largest_cc_fill_holes,0.7179158117168464,0.5906386601505816,0.7040240992792814,0.7985400549402732
0.66,largest_cc,0.7178567658075448,0.5905720137026411,0.7041488284225178,0.7983683826852391
0.84,largest_cc,0.717734015753251,0.5895010343030208,0.7334442012929088,0.7669048973716186
0.84,largest_cc_fill_holes,0.71772387041556,0.5894109648405966,0.7328552871948774,0.7671423889057507
0.86,largest_cc_fill_holes,0.7172443660558527,0.5886194016599652,0.7373354343919268,0.761609546784058
0.86,largest_cc,0.7172398407796424,0.5886990197089709,0.7380526110371648,0.7613075275095935
0.88,largest_cc,0.7165456840391651,0.5877540933188766,0.7433418733378772,0.7548075432724951
0.88,largest_cc_fill_holes,0.7165374916350079,0.5876660691841563,0.742790503684353,0.7551252905732825
0.64,largest_cc_fill_holes,0.7159288043062264,0.5886501009526924,0.699444641766056,0.7995817115910073
0.64,largest_cc,0.7158584577380651,0.5885683581801222,0.6995404326526056,0.7994022617817865
0.62,largest_cc_fill_holes,0.7155973555422647,0.588381251543332,0.6970242963062575,0.8018763510237396
0.9,largest_cc_fill_holes,0.7155471005049062,0.5862952671428187,0.7493740747328806,0.7472573844507581
0.9,largest_cc,0.7155332987848115,0.5863728353683253,0.7499752942799368,0.7469044050220885
0.62,largest_cc,0.7153396689805374,0.5880144862118692,0.6970503426232619,0.8013778295792799
0.6,largest_cc_fill_holes,0.7151679444889955,0.58795578072191,0.6946846637563432,0.8038324813170385
0.6,largest_cc,0.7149216013112007,0.5876038804102115,0.6946967872490655,0.8033664736085311
0.58,largest_cc_fill_holes,0.714704618452777,0.5874699009884757,0.6924581802413443,0.8056788440494063
0.5,largest_cc_fill_holes,0.7146935310195052,0.5864271250817054,0.6843614708980799,0.8228432545272932
0.5,largest_cc,0.7145899677448231,0.5862635831819435,0.684507675466696,0.822500621467917
0.58,largest_cc,0.7144683018106558,0.5871334842006548,0.6924581753826337,0.805242122604207
0.56,largest_cc_fill_holes,0.7139855822773821,0.5867121335817652,0.6897509788902403,0.8075540097527739
0.56,largest_cc,0.7138792975841187,0.5865395265194754,0.6899707750194858,0.807142496429809
0.54,largest_cc_fill_holes,0.7134273901865232,0.5861227823768292,0.6875064909190258,0.809267039777894
0.54,largest_cc,0.7133197406557288,0.585950140014079,0.6877002303597051,0.8088767708571916
0.52,largest_cc_fill_holes,0.7128863139933199,0.5855531814074278,0.6852301255977015,0.8110018064475868
0.52,largest_cc,0.7127765634953754,0.585379476274379,0.6853949701589104,0.8106324551224608
